{"a": ["\u30a2\u30fc"], "ai": ["\u30a7\u309b\u30a1"], "an": ["\u30a2\u30f3"], "ang": ["\u30a2\u30f3"], "ao": ["\u30a2\u30aa"], "ge": ["\u30b0\u30a7\u309b\u30a1"], "ba": ["\u30d0\u30fc"], "bai": ["\u30d0\u30a4"], "ban": ["\u30d0\u30f3"], "bang": ["\u30d0\u30f3"], "bao": ["\u30d0\u30aa"], "bei": ["\u30d9\u30a4"], "ben": ["\u30d9\u30f3"], "beng": ["\u30dc\u30f3"], "bi": ["\u30d3\u30fc"], "bian": ["\u30d3\u30a3\u30a7\u30f3"], "biao": ["\u30d3\u30a3\u30e3\u30a9"], "bie": ["\u30d3\u30a3\u30a7"], "bin": ["\u30d3\u30f3"], "bing": ["\u30d3\u30f3"], "bo": ["\u30d6\u30a9"], "bu": ["\u30d6\u30fc"], "ca": ["\u30c4\u30a1"], "cai": ["\u30c4\u30a1\u30a3"], "can": ["\u30c4\u30a1\u30f3", "\u30b7\u30a7\u30f3"], "cang": ["\u30c4\u30a1\u30f3"], "cao": ["\u30c4\u30a1\u30a9"], "ce": ["\u30c4\u30a7\u309b\u30a1"], "ceng": ["\u30c4\u30a9\u30f3"], "cha": ["\u30c1\u30e3"], "chai": ["\u30c1\u30e3\u30a4"], "chan": ["\u30c1\u30e3\u30f3"], "zhang": ["\u30c2\u30e3\u30f3"], "chao": ["\u30c1\u30e3\u30aa"], "che": ["\u30c1\u30a7\u309b\u30a1"], "chen": ["\u30c1\u30a7\u30f3"], "cheng": ["\u30c1\u30a9\u30f3"], "chi": ["\u30c1\u30fc"], "chong": ["\u30c1\u30e7\u30f3"], "chou": ["\u30c1\u30e7\u30a6"], "chu": ["\u30c1\u30e5"], "chuan": ["\u30c1\u30e5\u30a1\u30f3"], "chuai": ["\u30c1\u30e5\u30a1\u30a4"], "chuang": ["\u30c1\u30e5\u30a5\u30a1\u30f3"], "chui": ["\u30c1\u30e5\u30a4\uff08\u30c1\u30e5\u30a7\u30a4\uff09"], "chun": ["\u30c1\u30e5\u30f3"], "chuo": ["\u30c1\u30e5\u30a9"], "ci": ["\u30c4\u30fc"], "cong": ["\u30c4\u30a9\u30f3"], "cou": ["\u30b3\u30a5"], "cu": ["\u30c4\u30a5"], "cuan": ["\u30c4\u30a1\u30f3"], "cui": ["\u30c4\u30a4\uff08\u30c4\u30a7\u30a4\uff09"], "cun": ["\u30c4\u30f3"], "cuo": ["\u30c4\u30a5\u30a9"], "da": ["\u30c0\u30fc"], "dai": ["\u30c0\u30a4"], "dan": ["\u30c0\u30f3"], "dang": ["\u30c0\u30f3"], "dao": ["\u30c0\u30aa"], "de": ["\u30c7\u30a3"], "den": ["\u30c9\u30f3"], "deng": ["\u30c9\u30f3"], "dian": ["\u30c7\u30a3\u30a7\u30f3"], "diao": ["\u30c7\u30a3\u30a1\u30a9"], "die": ["\u30c7\u30a3\u30a7"], "ding": ["\u30c7\u30a3\u30f3"], "diu": ["\u30c7\u30a3\u30a5"], "dong": ["\u30c9\u30f3"], "dou": ["\u30c9\u30a6"], "du": ["\u30c9\u30a5"], "duan": ["\u30c9\u30a5\u30a1\u30f3"], "dui": ["\u30c9\u30a5\u30a4\uff08\u30c9\u30a5\u30a7\u30a4\uff09"], "dun": ["\u30c9\u30a5\u30f3"], "duo": ["\u30c9\u30a5\u30a9"], "e": ["\u30a7\u309b\u30a1"], "en": ["\u30a8\u30f3"], "eng": ["-"], "er": ["\u30a7\u309b\u30a1\u30fc"], "fa": ["\u30d5\u30a1"], "fan": ["\u30d5\u30a1\u30f3"], "fang": ["\u30d5\u30a1\u30f3"], "fei": ["\u30d5\u30a7\u30a4"], "fen": ["\u30d5\u30a7\u30f3"], "feng": ["\u30d5\u30a9\u30f3"], "fu": ["\u30d5\u30fc"], "fou": ["\u30d5\u30a9\u30a6"], "ga": ["\u30c1\u30a3\u30a7"], "gai": ["\u30ac\u30a4"], "gan": ["\u30ac\u30f3"], "gang": ["\u30ac\u30f3"], "gao": ["\u30ac\u30aa"], "gei": ["\u30b2\u30a4"], "gen": ["\u30b2\u30f3"], "geng": ["\u30b4\u30f3"], "gong": ["\u30b4\u30f3"], "gou": ["\u30b4\u30a6"], "gu": ["\u30b0\u30fc"], "gua": ["\u30b0\u30a1"], "guai": ["\u30b0\u30a5\u30a1\u30a4"], "guan": ["\u30b0\u30a1\u30f3"], "guang": ["\u30b0\u30a5\u30a1\u30f3"], "gui": ["\u30b0\u30a5\u30a4\uff08\u30b0\u30a5\u30a7\u30a4\uff09"], "gun": ["\u30ac\u30f3"], "guo": ["\u30b0\u30a5\u30a9"], "ha": ["\u30cf\u30fc"], "hai": ["\u30d5\u30a1\u30f3"], "han": ["\u30cf\u30f3"], "hang": ["\u30cf\u30f3"], "hao": ["\u30cf\u30aa"], "he": ["\u30d5\u30a7\u309b\u30a1"], "hei": ["\u30d8\u30a4"], "hen": ["\u30d8\u30f3"], "heng": ["\u30db\u30f3"], "hong": ["\u30db\u30f3"], "hou": ["\u30db\u30a6"], "hu": ["\u30d5\u30fc"], "hua": ["\u30d5\u30a1"], "huai": ["\u30d5\u30a5\u30a1\u30a4"], "huan": ["\u30d5\u30a1\u30f3"], "huang": ["\u30d5\u30a5\u30a1\u30f3"], "hui": ["\u30d5\u30a5\u30a4\uff08\u30d5\u30a5\u30a7\u30a4\uff09"], "hun": ["\u30d5\u30f3"], "huo": ["\u30d5\u30a9"], "ji": ["\u30b8\u30fc"], "jia": ["\u30b8\u30e3"], "jian": ["\u30b8\u30a3\u30a7\u30f3"], "jiang": ["\u30b8\u30a3\u30a1\u30f3"], "jiao": ["\u30b8\u30e3\u30aa"], "jie": ["\u30b8\u30a7"], "jin": ["\u30b8\u30f3"], "jing": ["\u30b8\u30f3"], "jiong": ["\u30b8\u30a3\u30a9\u30f3"], "jiu": ["\u30b8\u30a5"], "ju": ["\u30b8\u30e5"], "juan": ["\u30b8\u30e5\u30a7\u30f3"], "jue": ["\u30b8\u30e5\u30a7"], "jun": ["\u30b8\u30e5\u30f3"], "ka": ["\u30ab\u30fc"], "kai": ["\u30ab\u30a4"], "kan": ["\u30ab\u30f3"], "kang": ["\u30ab\u30f3"], "kao": ["\u30ab\u30aa"], "ke": ["\u30af\u30a7\u309b\u30a1"], "ken": ["\u30b1\u30f3"], "keng": ["\u30b3\u30f3"], "kong": ["\u30b3\u30f3"], "kou": ["\u30b3\u30a6"], "ku": ["\u30af\u30fc"], "kua": ["\u30af\u30a1"], "kuai": ["\u30af\u30a1\u30a3"], "kuan": ["\u30af\u30a1\u30f3"], "kuang": ["\u30af\u30a5\u30a1\u30f3"], "kui": ["\u30af\u30a5\u30a4\uff08\u30af\u30a5\u30a7\u30a4\uff09"], "kun": ["\u30af\u30f3"], "kuo": ["\u30af\u30a9"], "la": ["\u30e9\u30fc"], "lai": ["\u30e9\u30a4"], "lan": ["\u30e9\u30f3"], "lang": ["\u30e9\u30f3"], "lao": ["\u30e9\u30aa"], "le": ["\u30e9"], "lei": ["\u30ec\u30a4"], "leng": ["\u30e9\u30f3"], "li": ["\u30ea\u30fc"], "lia": ["\u30ea\u30a3\u30a1\u30f3", "\u30ea\u30a3\u30a1"], "lian": ["\u30ea\u30a3\u30a7\u30f3"], "liang": ["\u30ea\u30a3\u30a1\u30f3"], "liao": ["\u30ea\u30a3\u30a1\u30a9"], "lie": ["\u30ea\u30a3\u30a7"], "lin": ["\u30ea\u30f3"], "ling": ["\u30ea\u30f3"], "liu": ["\u30ea\u30a3\u30a5"], "long": ["\u30ed\u30f3"], "lou": ["\u30ed\u30a6"], "lu": ["\u30eb\u30fc"], "lv": ["\u30ea\u30e5"], "luan": ["\u30eb\u30a5\u30a1\u30f3"], "lve": ["\u30ea\u30e5\u30a7"], "lun": ["\u30eb\u30a5\u30f3"], "luo": ["\u30eb\u30a5\u30a9"], "ma": ["\u30de\u30fc"], "mai": ["\u30de\u30a4"], "man": ["\u30de\u30f3"], "mang": ["\u30de\u30f3"], "mao": ["\u30de\u30aa"], "me": ["\u30e0\u30a7\u309b\u30a1"], "mei": ["\u30e1\u30a4"], "men": ["\u30e1\u30f3"], "meng": ["\u30e2\u30f3"], "mi": ["\u30df\u30a3"], "mian": ["\u30df\u30a3\u30a7\u30f3"], "miao": ["\u30df\u30a3\u30a1\u30a9"], "mie": ["\u30df\u30a3\u30a7"], "min": ["\u30df\u30f3"], "ming": ["\u30df\u30f3"], "miu": ["\u30df\u30a3\u30a5"], "mo": ["\u30e0\u30fc"], "mou": ["\u30e2\u30a6"], "mu": ["\u30e0\u30fc"], "na": ["\u30ca\u30fc"], "nai": ["\u30ca\u30a4"], "nan": ["\u30ca\u30f3"], "nang": ["\u30ca\u30f3"], "nao": ["\u30ca\u30aa"], "ne": ["\u30cc\u30a7\u309b\u30a1"], "nei": ["\u30cd\u30a4"], "nen": ["\u30cd\u30f3"], "neng": ["\u30ce\u30f3"], "ni": ["\u30cb\u30fc"], "nian": ["\u30cb\u30a3\u30a7\u30f3"], "niang": ["\u30cb\u30a3\u30a1\u30f3"], "niao": ["\u30cb\u30a3\u30a1\u30a9"], "nie": ["\u30cb\u30a3\u30a7"], "nin": ["\u30cb\u30f3"], "ning": ["\u30cb\u30f3"], "niu": ["\u30cb\u30a3\u30a5"], "nong": ["\u30ce\u30f3"], "nou": ["\u30ce\u30a6"], "nu": ["\u30cc\u30fc"], "nv": ["\u30cb\u30e5"], "nuan": ["\u30cc\u30a1\u30f3"], "nve": ["\u30cc\u30fc\u30a7\u309b\u30a1", "\u30cb\u30e5\u30a7"], "nuo": ["\u30cc\u30aa"], "o": ["\u30a5\u30aa"], "ou": ["\u30aa\u30a6"], "pa": ["\u30d1\u30fc"], "pai": ["\u30d1\u30a4"], "pan": ["\u30d1\u30f3"], "pang": ["\u30d1\u30f3"], "pao": ["\u30d1\u30aa"], "pei": ["\u30da\u30a4"], "pen": ["\u30da\u30f3"], "peng": ["\u30dd\u30f3"], "pi": ["\u30d4\u30fc"], "pian": ["\u30d4\u30a3\u30a7\u30f3"], "piao": ["\u30d4\u30a3\u30a1\u30aa"], "pie": ["\u30d4\u30a7"], "pin": ["\u30d4\u30f3"], "ping": ["\u30d4\u30f3"], "po": ["\u30dd\u30a9"], "pou": ["\u30dd\u30a6"], "pu": ["\u30d7\u30fc"], "qi": ["\u30c1\u30fc"], "qia": ["\u30c1\u30a3\u30a1"], "qian": ["\u30c1\u30a3\u30a7\u30f3"], "qiang": ["\u30c1\u30a3\u30a1\u30f3"], "qiao": ["\u30c1\u30a3\u30a1\u30a9"], "qie": ["\u30c1\u30a3\u30a7"], "qin": ["\u30c1\u30f3"], "qing": ["\u30c1\u30f3"], "qiong": ["\u30c1\u30a9\u30f3"], "qiu": ["\u30c1\u30a3\u30a5"], "qu": ["\u30c1\u30e5"], "quan": ["\u30c1\u30e5\u30a7\u30f3"], "que": ["\u30c1\u30e5\u30a7"], "qun": ["\u30c1\u30e5\u30f3"], "ran": ["\u30e9\u30f3"], "rang": ["\u30e9\u30f3"], "rao": ["\u30e9\u30aa"], "re": ["\u30eb\u30a7\u309b\u30a1"], "ren": ["\u30ec\u30f3"], "reng": ["\u30ed\u30f3"], "ri": ["\u30ea\u309b\u30fc"], "rong": ["\u30ed\u30f3"], "rou": ["\u30ed\u30a6"], "ru": ["\u30eb\u30fc"], "ruan": ["\u30eb\u30a1\u30f3"], "rui": ["\u30eb\u30a4\uff08\u30eb\u30a7\u30a4\uff09"], "run": ["\u30eb\u30f3"], "ruo": ["\u30eb\u30a9"], "sa": ["\u30b5\u30fc"], "sai": ["\u30b5\u30a4"], "san": ["\u30b5\u30f3"], "sang": ["\u30b5\u30f3"], "sao": ["\u30b5\u30aa"], "se": ["\u30b9\u30a7\u309b\u30a1"], "sen": ["\u30bb\u30f3"], "seng": ["\u30bd\u30f3"], "sha": ["\u30b7\u30e3"], "shai": ["\u30b7\u30e3\u30a4"], "shan": ["\u30b7\u30e3\u30f3"], "shang": ["\u30b7\u30e3\u30f3"], "shao": ["\u30b7\u30e3\u30aa"], "she": ["\u30b7\u30a7\u309b\u30a1"], "shen": ["\u30b7\u30a7\u30f3"], "sheng": ["\u30b7\u30a9\u30f3"], "shi": ["\u30b7\u30fc"], "shou": ["\u30b7\u30e7\u30a6"], "shu": ["\u30b7\u30e5"], "shua": ["\u30b7\u30e5\u30a1"], "shuai": ["\u30b7\u30e5\u30a1\u30a4"], "shuan": ["\u30b7\u30e5\u30a1\u30f3"], "shuang": ["\u30b7\u30e5\u30a5\u30a1\u30f3"], "shui": ["\u30b7\u30e5\u30a4\uff08\u30b7\u30e5\u30a7\u30a4\uff09"], "shun": ["\u30b7\u30e5\u30f3"], "shuo": ["\u30b7\u30e5\u30a9"], "si": ["\u30b9\u30fc"], "song": ["\u30bd\u30f3"], "sou": ["\u30bd\u30a6"], "su": ["\u30b9\u30fc"], "suan": ["\u30b9\u30a5\u30a1\u30f3"], "sui": ["\u30b9\u30a4\uff08\u30b9\u30a7\u30a4\uff09"], "sun": ["\u30b9\u30f3"], "suo": ["\u30b9\u30a9"], "ta": ["\u30bf\u30fc"], "tai": ["\u30bf\u30a4"], "tan": ["\u30bf\u30f3"], "tang": ["\u30bf\u30f3"], "tao": ["\u30bf\u30aa"], "te": ["\u30c6\u30a7\u309b\u30a1"], "teng": ["\u30c8\u30f3"], "ti": ["\u30c6\u30a3"], "tian": ["\u30c6\u30a3\u30a7\u30f3"], "tiao": ["\u30c6\u30a3\u30a1\u30a9"], "tie": ["\u30c6\u30a3\u30a7"], "ting": ["\u30c6\u30a3\u30f3"], "tong": ["\u30c8\u30f3"], "tou": ["\u30c8\u30a6"], "tu": ["\u30c8\u30a5"], "tuan": ["\u30c8\u30a5\u30a1\u30f3"], "tui": ["\u30c8\u30a5\u30a4\uff08\u30c8\u30a5\u30a7\u30a4\uff09"], "tun": ["\u30c8\u30a5\u30f3"], "tuo": ["\u30c8\u30a5\u30a9"], "wa": ["\u30a6\u30a1"], "wai": ["\u30ef\u30a3"], "wan": ["\u30ef\u30f3"], "wang": ["\u30ef\u30f3"], "wei": ["\u30a6\u30a7\u30a4"], "wen": ["\u30a6\u30a7\u30f3"], "weng": ["\u30a6\u30a9\u30f3"], "wo": ["\u30a6\u30a9"], "wu": ["\u30a6\u30fc"], "xi": ["\u30b7\u30fc"], "xia": ["\u30b7\u30a1"], "xian": ["\u30b7\u30a3\u30a7\u30f3"], "xiang": ["\u30b7\u30a3\u30a1\u30f3"], "xiao": ["\u30b7\u30a1\u30a9"], "xie": ["\u30b7\u30a7"], "xin": ["\u30b7\u30f3"], "xing": ["\u30b7\u30f3"], "xiong": ["\u30b7\u30a3\u30a9\u30f3"], "xiu": ["\u30b7\u30a5"], "xu": ["\u30b7\u30e5"], "xuan": ["\u30b7\u30e5\u30a7\u30f3"], "xue": ["\u30b7\u30e5\u30a7"], "xun": ["\u30b7\u30e5\u30f3"], "ya": ["\u30e4\u30fc"], "yan": ["\u30a4\u30a7\u30f3"], "yang": ["\u30e4\u30f3"], "yao": ["\u30a4\u30e3\u30a9"], "ye": ["\u30a4\u30a7"], "yi": ["\u30a4\u30fc"], "yin": ["\u30a4\u30f3"], "ying": ["\u30a4\u30f3"], "yong": ["\u30e8\u30f3"], "you": ["\u30e8\u30a6"], "yu": ["\u30e6\u30fc"], "yuan": ["\u30e6\u30a7\u30f3"], "yue": ["\u30e6\u30a7"], "yun": ["\u30e6\u30f3"], "za": ["\u30b6\u30fc"], "zai": ["\u30b6\u30a4"], "zan": ["\u30b6\u30f3"], "zang": ["\u30b6\u30f3"], "zao": ["\u30b6\u30aa"], "ze": ["\u30bc\u30a7\u309b\u30a1"], "zei": ["\u30bc\u30a4"], "zen": ["\u30bc\u30f3"], "zeng": ["\u30be\u30f3"], "zha": ["\u30c2\u30e3", "\u30b6\u30fc"], "zhai": ["\u30c2\u30e3\u30a4"], "zhan": ["\u30c2\u30e3\u30f3"], "zhao": ["\u30c2\u30e3\u30aa"], "zhe": ["\u30c2\u30a7\u309b\u30a1"], "zhen": ["\u30c2\u30a7\u30f3"], "zheng": ["\u30c2\u30a9\u30f3"], "zhi": ["\u30c2\u30fc"], "zhong": ["\u30c2\u30e7\u30f3"], "zhou": ["\u30c2\u30e7\u30a6"], "zhu": ["\u30c2\u30e5"], "zhua": ["\u30c2\u30e5\u30a2"], "zhuai": ["\u30c2\u30e5\u30a1\u30a4"], "zhuan": ["\u30c2\u30e5\u30a1\u30f3"], "zhuang": ["\u30c2\u30e5\u30a5\u30a1\u30f3"], "zhui": ["\u30c2\u30e5\u30a4\uff08\u30c2\u30e5\u30a7\u30a4\uff09"], "zhun": ["\u30c2\u30e5\u30f3"], "zhuo": ["\u30c2\u30e5\u30aa"], "zi": ["\u30ba\u30fc"], "zong": ["\u30be\u30f3"], "zou": ["\u30be\u30a6"], "zu": ["\u30ba\u30fc"], "zuan": ["\u30ba\u30a1\u30f3"], "zui": ["\u30ba\u30a4\uff08\u30ba\u30a7\u30a4\uff09"], "zun": ["\u30ba\u30f3"], "zuo": ["\u30ba\u30a5\u30a9"], "di": "\u30c7\u30a3"}